{
  "train_metrics": {
    "accuracy": 0.9957264957264957,
    "precision": 0.9908256880733946,
    "recall": 1.0,
    "f1_score": 0.9953917050691244,
    "roc_auc": 1.0,
    "log_loss": 0.02825551623650492
  },
  "test_metrics": {
    "accuracy": 1.0,
    "precision": 1.0,
    "recall": 1.0,
    "f1_score": 1.0,
    "roc_auc": 1.0,
    "log_loss": 0.02821590474742977
  },
  "confusion_matrix": [
    [
      17,
      0
    ],
    [
      0,
      10
    ]
  ],
  "model_parameters": {
    "model_type": "logistic_regression",
    "solver": "lbfgs",
    "max_iter": 200,
    "classification_threshold": 0.5,
    "positive_label": "jumping"
  },
  "training_curve": {
    "iterations": [
      1,
      2,
      5,
      10,
      20,
      40,
      80,
      120,
      160,
      200
    ],
    "train_loss": [
      0.15261478518839358,
      0.12857301424690304,
      0.10837355849441059,
      0.09454749593911212,
      0.08022951016378271,
      0.06403993814793332,
      0.04642092705438853,
      0.037974663639698834,
      0.03379287051950196,
      0.031536025256500747
    ],
    "test_loss": [
      0.155275794783117,
      0.11781898216621604,
      0.08279756396369319,
      0.062391436726277644,
      0.04851846258384075,
      0.04011850005341926,
      0.035008675147785266,
      0.032128689058435723,
      0.03041394673931576,
      0.029444844837612606
    ],
    "train_accuracy": [
      0.9786324786324786,
      0.9829059829059829,
      0.9829059829059829,
      0.9871794871794872,
      0.9914529914529915,
      0.9914529914529915,
      0.9914529914529915,
      0.9914529914529915,
      0.9957264957264957,
      0.9957264957264957
    ],
    "test_accuracy": [
      0.9629629629629629,
      1.0,
      1.0,
      1.0,
      1.0,
      1.0,
      1.0,
      1.0,
      1.0,
      1.0
    ]
  }
}